{
  "experiment_name": "full_eval_20260120_072934",
  "timestamp": "20260120_072934",
  "config": {
    "suite": "libero_spatial",
    "tasks": [0 1 2 3 4 5 6 7 8 9],
    "query_budgets": [200 500 1000],
    "train_ratio": 0.7,
    "seed": 42,
    "drift_threshold": 0.2,
    "task_scale": 0.5
  },
  "results": [
    {
      "task_id": 0,
      "queries": 200,
      "run_id": "full_eval_20260120_072934_q200_task0_20260120_072940",
      "run_time_seconds": 571,
      "patch_path": "/data1/ma1/Ishaq/ump-vla/outputs/se3_zoo_attack/patches/full_eval_20260120_072934_q200_task0_20260120_072940_patch.npy",
      "results_path": "/data1/ma1/Ishaq/ump-vla/outputs/se3_zoo_attack/results/full_eval_20260120_072934_q200_task0_20260120_072940_testing.json",
      "frame_metrics": {
        "avg_deviation": 0.5771426208950242,
        "deviation_rate": 0.5,
        "position_deviation": 0.020840552869194506
      },
      "trajectory_metrics": {
        "cdt_success_rate": 0.5333333333333333,
        "ttf_mean_frames": 9.0,
        "tfp_mean_score": 0.4168110573838902,
        "tfp_above_1_rate": 0.0,
        "drift_mean": 0.2084055286919451,
        "sdr_10": 0.9333333333333333,
        "sdr_25": 0,
        "sdr_50": 0
      }
    }
,
    {
      "task_id": 1,
      "queries": 200,
      "run_id": "full_eval_20260120_072934_q200_task1_20260120_073909",
      "run_time_seconds": 562,
      "patch_path": "/data1/ma1/Ishaq/ump-vla/outputs/se3_zoo_attack/patches/full_eval_20260120_072934_q200_task1_20260120_073909_patch.npy",
      "results_path": "/data1/ma1/Ishaq/ump-vla/outputs/se3_zoo_attack/results/full_eval_20260120_072934_q200_task1_20260120_073909_testing.json",
      "frame_metrics": {
        "avg_deviation": 0.42260889170226706,
        "deviation_rate": 0.35333333333333333,
        "position_deviation": 0.01805549114623056
      },
      "trajectory_metrics": {
        "cdt_success_rate": 0.26666666666666666,
        "ttf_mean_frames": 9.25,
        "tfp_mean_score": 0.3611098229246112,
        "tfp_above_1_rate": 0.0,
        "drift_mean": 0.1805549114623056,
        "sdr_10": 0.6666666666666666,
        "sdr_25": 0,
        "sdr_50": 0
      }
    }
,
    {
      "task_id": 2,
      "queries": 200,
      "run_id": "full_eval_20260120_072934_q200_task2_20260120_074834",
      "run_time_seconds": 564,
      "patch_path": "/data1/ma1/Ishaq/ump-vla/outputs/se3_zoo_attack/patches/full_eval_20260120_072934_q200_task2_20260120_074834_patch.npy",
      "results_path": "/data1/ma1/Ishaq/ump-vla/outputs/se3_zoo_attack/results/full_eval_20260120_072934_q200_task2_20260120_074834_testing.json",
      "frame_metrics": {
        "avg_deviation": 0.42260908853717266,
        "deviation_rate": 0.36666666666666664,
        "position_deviation": 0.01100760344849815
      },
      "trajectory_metrics": {
        "cdt_success_rate": 0.0,
        "ttf_mean_frames": null,
        "tfp_mean_score": 0.22015206896996303,
        "tfp_above_1_rate": 0.0,
        "drift_mean": 0.11007603448498152,
        "sdr_10": 0.7333333333333333,
        "sdr_25": 0,
        "sdr_50": 0
      }
    }
,
    {
      "task_id": 3,
      "queries": 200,
      "run_id": "full_eval_20260120_072934_q200_task3_20260120_075757",
      "run_time_seconds": 565,
      "patch_path": "/data1/ma1/Ishaq/ump-vla/outputs/se3_zoo_attack/patches/full_eval_20260120_072934_q200_task3_20260120_075757_patch.npy",
      "results_path": "/data1/ma1/Ishaq/ump-vla/outputs/se3_zoo_attack/results/full_eval_20260120_072934_q200_task3_20260120_075757_testing.json",
      "frame_metrics": {
        "avg_deviation": 0.4813218762442902,
        "deviation_rate": 0.42,
        "position_deviation": 0.015628079000337476
      },
      "trajectory_metrics": {
        "cdt_success_rate": 0.2,
        "ttf_mean_frames": 9.666666666666666,
        "tfp_mean_score": 0.3125615800067496,
        "tfp_above_1_rate": 0.0,
        "drift_mean": 0.1562807900033748,
        "sdr_10": 0.8666666666666667,
        "sdr_25": 0,
        "sdr_50": 0
      }
    }
,
    {
      "task_id": 4,
      "queries": 200,
      "run_id": "full_eval_20260120_072934_q200_task4_20260120_080722",
      "run_time_seconds": 561,
      "patch_path": "/data1/ma1/Ishaq/ump-vla/outputs/se3_zoo_attack/patches/full_eval_20260120_072934_q200_task4_20260120_080722_patch.npy",
      "results_path": "/data1/ma1/Ishaq/ump-vla/outputs/se3_zoo_attack/results/full_eval_20260120_072934_q200_task4_20260120_080722_testing.json",
      "frame_metrics": {
        "avg_deviation": 0.5461778671278602,
        "deviation_rate": 0.47333333333333333,
        "position_deviation": 0.017355749283613827
      },
      "trajectory_metrics": {
        "cdt_success_rate": 0.3333333333333333,
        "ttf_mean_frames": 9.8,
        "tfp_mean_score": 0.3471149856722766,
        "tfp_above_1_rate": 0.0,
        "drift_mean": 0.1735574928361383,
        "sdr_10": 0.9333333333333333,
        "sdr_25": 0,
        "sdr_50": 0
      }
    }
,
    {
      "task_id": 5,
      "queries": 200,
      "run_id": "full_eval_20260120_072934_q200_task5_20260120_081643",
      "run_time_seconds": 569,
      "patch_path": "/data1/ma1/Ishaq/ump-vla/outputs/se3_zoo_attack/patches/full_eval_20260120_072934_q200_task5_20260120_081643_patch.npy",
      "results_path": "/data1/ma1/Ishaq/ump-vla/outputs/se3_zoo_attack/results/full_eval_20260120_072934_q200_task5_20260120_081643_testing.json",
      "frame_metrics": {
        "avg_deviation": 0.3565869251438508,
        "deviation_rate": 0.3,
        "position_deviation": 0.015050499540095288
      },
      "trajectory_metrics": {
        "cdt_success_rate": 0.2,
        "ttf_mean_frames": 8.666666666666666,
        "tfp_mean_score": 0.3010099908019057,
        "tfp_above_1_rate": 0.0,
        "drift_mean": 0.15050499540095286,
        "sdr_10": 0.6,
        "sdr_25": 0,
        "sdr_50": 0
      }
    }
,
    {
      "task_id": 6,
      "queries": 200,
      "run_id": "full_eval_20260120_072934_q200_task6_20260120_082611",
      "run_time_seconds": 562,
      "patch_path": "/data1/ma1/Ishaq/ump-vla/outputs/se3_zoo_attack/patches/full_eval_20260120_072934_q200_task6_20260120_082611_patch.npy",
      "results_path": "/data1/ma1/Ishaq/ump-vla/outputs/se3_zoo_attack/results/full_eval_20260120_072934_q200_task6_20260120_082611_testing.json",
      "frame_metrics": {
        "avg_deviation": 0.4408169838814146,
        "deviation_rate": 0.38666666666666666,
        "position_deviation": 0.013892186991288013
      },
      "trajectory_metrics": {
        "cdt_success_rate": 0.0,
        "ttf_mean_frames": null,
        "tfp_mean_score": 0.2778437398257603,
        "tfp_above_1_rate": 0.0,
        "drift_mean": 0.13892186991288016,
        "sdr_10": 0.9333333333333333,
        "sdr_25": 0,
        "sdr_50": 0
      }
    }
,
    {
      "task_id": 7,
      "queries": 200,
      "run_id": "full_eval_20260120_072934_q200_task7_20260120_083533",
      "run_time_seconds": 559,
      "patch_path": "/data1/ma1/Ishaq/ump-vla/outputs/se3_zoo_attack/patches/full_eval_20260120_072934_q200_task7_20260120_083533_patch.npy",
      "results_path": "/data1/ma1/Ishaq/ump-vla/outputs/se3_zoo_attack/results/full_eval_20260120_072934_q200_task7_20260120_083533_testing.json",
      "frame_metrics": {
        "avg_deviation": 0.4884204853055233,
        "deviation_rate": 0.4266666666666667,
        "position_deviation": 0.013254467225608427
      },
      "trajectory_metrics": {
        "cdt_success_rate": 0.0,
        "ttf_mean_frames": null,
        "tfp_mean_score": 0.26508934451216853,
        "tfp_above_1_rate": 0.0,
        "drift_mean": 0.13254467225608427,
        "sdr_10": 0.7333333333333333,
        "sdr_25": 0,
        "sdr_50": 0
      }
    }
,
    {
      "task_id": 8,
      "queries": 200,
      "run_id": "full_eval_20260120_072934_q200_task8_20260120_084453",
      "run_time_seconds": 563,