{
  "run_id": "full_eval_20260120_072934_q500_task7_20260120_113247",
  "timestamp": "20260120_115349",
  "direction": "Direction 2: Deviation Analysis for Closed-Loop Attack",
  "patch_path": "/data1/ma1/Ishaq/ump-vla/outputs/se3_zoo_attack/patches/full_eval_20260120_072934_q500_task7_20260120_113247_patch.npy",
  "patch_position": [
    48,
    48
  ],
  "args": {
    "patch_path": "/data1/ma1/Ishaq/ump-vla/outputs/se3_zoo_attack/patches/full_eval_20260120_072934_q500_task7_20260120_113247_patch.npy",
    "suite": "libero_spatial",
    "task_id": 7,
    "train_ratio": 0.7,
    "frames_per_episode": 10,
    "deviation_threshold": 0.3,
    "drift_threshold": 0.2,
    "task_scale": 0.5,
    "sdr_windows": "10,25,50",
    "patch_x": 48,
    "patch_y": 48,
    "model_path": "/data1/ma1/Ishaq/ump-vla/checkpoints/openvla-7b",
    "device": "cuda:0",
    "output_dir": "/data1/ma1/Ishaq/ump-vla/outputs/se3_zoo_attack",
    "seed": 42
  },
  "task_info": {
    "task_name": "pick_up_the_black_bowl_on_the_ramekin_and_place_it_on_the_plate",
    "instruction": "pick up the black bowl on the stove and place it on the plate",
    "total_episodes": 50,
    "test_episodes": 15,
    "test_indices": [
      1,
      2,
      5,
      6,
      7,
      8,
      14,
      15,
      17,
      27,
      34,
      37,
      40,
      47,
      49
    ],
    "frames_per_episode": 10,
    "total_frames": 150
  },
  "testing_time_seconds": 53.70744585990906,
  "metrics": {
    "deviation": {
      "average": 0.4884204853055233,
      "std": 0.48432091420104395,
      "max": 1.1459075598357853,
      "min": 0.010397588157056395,
      "rate": 0.4266666666666667
    },
    "components": {
      "position": 0.013254467225608427,
      "rotation": 0.05764967821063384,
      "gripper": 0.41751633986928105
    },
    "cumulative": {
      "avg_per_episode": 4.884204853055233,
      "total": 73.2630727958285,
      "total_position": 1.9881700838412641,
      "projected_100_frames": 1.3254467225608428
    },
    "baseline": {
      "avg_gt_error_clean": 1.8564324030183412,
      "avg_gt_error_patched": 1.8113605866720468,
      "error_change": -0.045071816346294424
    },
    "trajectory": {
      "cdt": {
        "success_rate": 0.0,
        "n_successes": 0,
        "n_episodes": 15
      },
      "ttf": {
        "mean_frames": null,
        "min_frames": null,
        "max_frames": null,
        "success_rate": 0.0
      },
      "sdr": {
        "10": 0.7333333333333333,
        "25": null,
        "50": null
      },
      "tfp": {
        "mean_score": 0.26508934451216853,
        "max_score": 0.3381401863147244,
        "above_1_rate": 0.0
      },
      "cumulative_drift": {
        "mean": 0.13254467225608427,
        "max": 0.1690700931573622
      }
    }
  },
  "episode_metrics": [
    {
      "episode_id": 0,
      "original_id": 1,
      "num_frames": 10,
      "avg_deviation": 0.6720371908696022,
      "std_deviation": 0.4919076072318018,
      "avg_pos_deviation": 0.016907009315736223,
      "avg_rot_deviation": 0.05748312273033662,
      "avg_grip_deviation": 0.5976470588235294,
      "deviation_rate": 0.6,
      "cumulative_deviation": 6.720371908696023,
      "cumulative_pos_deviation": 0.1690700931573622,
      "trajectory_metrics": {
        "cdt_success": false,
        "ttf_frames": null,
        "sdr": {
          "10": 1.0,
          "25": null,
          "50": null
        },
        "tfp_score": 0.3381401863147244,
        "cumulative_pos_drift": 0.1690700931573622
      }
    },
    {
      "episode_id": 1,
      "original_id": 2,
      "num_frames": 10,
      "avg_deviation": 0.625576905536018,
      "std_deviation": 0.4752869754860095,
      "avg_pos_deviation": 0.013251482588861321,
      "avg_rot_deviation": 0.05075679549617629,
      "avg_grip_deviation": 0.5615686274509804,
      "deviation_rate": 0.6,
      "cumulative_deviation": 6.2557690553601795,
      "cumulative_pos_deviation": 0.1325148258886132,
      "trajectory_metrics": {
        "cdt_success": false,
        "ttf_frames": null,
        "sdr": {
          "10": 1.0,
          "25": null,
          "50": null
        },
        "tfp_score": 0.2650296517772264,
        "cumulative_pos_drift": 0.1325148258886132
      }
    },
    {
      "episode_id": 2,
      "original_id": 5,
      "num_frames": 10,
      "avg_deviation": 0.26414625851876655,
      "std_deviation": 0.38338763016448485,
      "avg_pos_deviation": 0.012965923943020199,
      "avg_rot_deviation": 0.05039602085025617,
      "avg_grip_deviation": 0.2007843137254902,
      "deviation_rate": 0.2,
      "cumulative_deviation": 2.6414625851876656,
      "cumulative_pos_deviation": 0.12965923943020197,
      "trajectory_metrics": {
        "cdt_success": false,
        "ttf_frames": null,
        "sdr": {
          "10": 0.0,
          "25": null,
          "50": null
        },
        "tfp_score": 0.25931847886040393,
        "cumulative_pos_drift": 0.12965923943020197
      }
    },
    {
      "episode_id": 3,
      "original_id": 6,
      "num_frames": 10,
      "avg_deviation": 0.28126014037230285,
      "std_deviation": 0.39575004212390824,
      "avg_pos_deviation": 0.01505108709318612,
      "avg_rot_deviation": 0.06385611210264613,
      "avg_grip_deviation": 0.20235294117647057,
      "deviation_rate": 0.2,
      "cumulative_deviation": 2.8126014037230282,
      "cumulative_pos_deviation": 0.1505108709318612,
      "trajectory_metrics": {
        "cdt_success": false,
        "ttf_frames": null,
        "sdr": {
          "10": 0.0,
          "25": null,
          "50": null
        },
        "tfp_score": 0.3010217418637224,
        "cumulative_pos_drift": 0.1505108709318612
      }
    },
    {
      "episode_id": 4,
      "original_id": 7,
      "num_frames": 10,
      "avg_deviation": 0.5853259354279425,
      "std_deviation": 0.5002515203105952,
      "avg_pos_deviation": 0.013720168269597493,
      "avg_rot_deviation": 0.0633704730406979,
      "avg_grip_deviation": 0.508235294117647,
      "deviation_rate": 0.5,
      "cumulative_deviation": 5.853259354279425,
      "cumulative_pos_deviation": 0.13720168269597494,
      "trajectory_metrics": {
        "cdt_success": false,
        "ttf_frames": null,
        "sdr": {
          "10": 1.0,
          "25": null,
          "50": null
        },
        "tfp_score": 0.27440336539194987,
        "cumulative_pos_drift": 0.13720168269597494
      }
    },
    {
      "episode_id": 5,
      "original_id": 8,
      "num_frames": 10,
      "avg_deviation": 0.6598884963638507,
      "std_deviation": 0.47644117281497056,
      "avg_pos_deviation": 0.012318716364295781,
      "avg_rot_deviation": 0.05305997607798637,
      "avg_grip_deviation": 0.5945098039215686,
      "deviation_rate": 0.6,
      "cumulative_deviation": 6.598884963638508,
      "cumulative_pos_deviation": 0.12318716364295781,
      "trajectory_metrics": {
        "cdt_success": false,
        "ttf_frames": null,
        "sdr": {
          "10": 1.0,
          "25": null,
          "50": null
        },
        "tfp_score": 0.24637432728591563,
        "cumulative_pos_drift": 0.12318716364295781
      }
    },
    {
      "episode_id": 6,
      "original_id": 14,
      "num_frames": 10,
      "avg_deviation": 0.48944328412599597,
      "std_deviation": 0.5086749007789159,
      "avg_pos_deviation": 0.013348526063390126,
      "avg_rot_deviation": 0.07374181688613528,
      "avg_grip_deviation": 0.4023529411764706,
      "deviation_rate": 0.4,
      "cumulative_deviation": 4.89443284125996,
      "cumulative_pos_deviation": 0.13348526063390126,
      "trajectory_metrics": {
        "cdt_success": false,
        "ttf_frames": null,
        "sdr": {
          "10": 1.0,
          "25": null,
          "50": null
        },
        "tfp_score": 0.2669705212678025,
        "cumulative_pos_drift": 0.13348526063390126
      }
    },
    {
      "episode_id": 7,
      "original_id": 15,
      "num_frames": 10,