{
  "run_id": "full_eval_20260120_072934_q500_task2_20260120_094600",
  "timestamp": "20260120_100716",
  "direction": "Direction 2: Deviation Analysis for Closed-Loop Attack",
  "patch_path": "/data1/ma1/Ishaq/ump-vla/outputs/se3_zoo_attack/patches/full_eval_20260120_072934_q500_task2_20260120_094600_patch.npy",
  "patch_position": [
    48,
    48
  ],
  "args": {
    "patch_path": "/data1/ma1/Ishaq/ump-vla/outputs/se3_zoo_attack/patches/full_eval_20260120_072934_q500_task2_20260120_094600_patch.npy",
    "suite": "libero_spatial",
    "task_id": 2,
    "train_ratio": 0.7,
    "frames_per_episode": 10,
    "deviation_threshold": 0.3,
    "drift_threshold": 0.2,
    "task_scale": 0.5,
    "sdr_windows": "10,25,50",
    "patch_x": 48,
    "patch_y": 48,
    "model_path": "/data1/ma1/Ishaq/ump-vla/checkpoints/openvla-7b",
    "device": "cuda:0",
    "output_dir": "/data1/ma1/Ishaq/ump-vla/outputs/se3_zoo_attack",
    "seed": 42
  },
  "task_info": {
    "task_name": "pick_up_the_black_bowl_in_the_top_drawer_of_the_wooden_cabinet_and_place_it_on_the_plate",
    "instruction": "pick up the black bowl from table center and place it on the plate",
    "total_episodes": 50,
    "test_episodes": 15,
    "test_indices": [
      1,
      2,
      5,
      6,
      7,
      8,
      14,
      15,
      17,
      27,
      34,
      37,
      40,
      47,
      49
    ],
    "frames_per_episode": 10,
    "total_frames": 150
  },
  "testing_time_seconds": 54.13197040557861,
  "metrics": {
    "deviation": {
      "average": 0.39215756470094637,
      "std": 0.4620744279244259,
      "max": 1.150106722806467,
      "min": 0.009146245220321725,
      "rate": 0.34
    },
    "components": {
      "position": 0.010723000124607418,
      "rotation": 0.05055874758287486,
      "gripper": 0.33087581699346413
    },
    "cumulative": {
      "avg_per_episode": 3.921575647009463,
      "total": 58.82363470514196,
      "total_position": 1.6084500186911128,
      "projected_100_frames": 1.0723000124607418
    },
    "baseline": {
      "avg_gt_error_clean": 1.715251177848216,
      "avg_gt_error_patched": 1.7757172332105136,
      "error_change": 0.060466055362297544
    },
    "trajectory": {
      "cdt": {
        "success_rate": 0.0,
        "n_successes": 0,
        "n_episodes": 15
      },
      "ttf": {
        "mean_frames": null,
        "min_frames": null,
        "max_frames": null,
        "success_rate": 0.0
      },
      "sdr": {
        "10": 0.6666666666666666,
        "25": null,
        "50": null
      },
      "tfp": {
        "mean_score": 0.2144600024921483,
        "max_score": 0.31080232450037265,
        "above_1_rate": 0.0
      },
      "cumulative_drift": {
        "mean": 0.10723000124607415,
        "max": 0.15540116225018633
      }
    }
  },
  "episode_metrics": [
    {
      "episode_id": 0,
      "original_id": 1,
      "num_frames": 10,
      "avg_deviation": 0.24566212901702258,
      "std_deviation": 0.39570312736491375,
      "avg_pos_deviation": 0.008296270007545351,
      "avg_rot_deviation": 0.03815017273496736,
      "avg_grip_deviation": 0.1992156862745098,
      "deviation_rate": 0.2,
      "cumulative_deviation": 2.456621290170226,
      "cumulative_pos_deviation": 0.08296270007545352,
      "trajectory_metrics": {
        "cdt_success": false,
        "ttf_frames": null,
        "sdr": {
          "10": 0.0,
          "25": null,
          "50": null
        },
        "tfp_score": 0.16592540015090704,
        "cumulative_pos_drift": 0.08296270007545352
      }
    },
    {
      "episode_id": 1,
      "original_id": 2,
      "num_frames": 10,
      "avg_deviation": 0.6109731122451085,
      "std_deviation": 0.46049151332096144,
      "avg_pos_deviation": 0.007290238718832732,
      "avg_rot_deviation": 0.04525150097725619,
      "avg_grip_deviation": 0.5584313725490195,
      "deviation_rate": 0.6,
      "cumulative_deviation": 6.109731122451087,
      "cumulative_pos_deviation": 0.07290238718832733,
      "trajectory_metrics": {
        "cdt_success": false,
        "ttf_frames": null,
        "sdr": {
          "10": 1.0,
          "25": null,
          "50": null
        },
        "tfp_score": 0.14580477437665465,
        "cumulative_pos_drift": 0.07290238718832733
      }
    },
    {
      "episode_id": 2,
      "original_id": 5,
      "num_frames": 10,
      "avg_deviation": 0.42447663684215414,
      "std_deviation": 0.4512325746683092,
      "avg_pos_deviation": 0.008739731093269282,
      "avg_rot_deviation": 0.04632514104300249,
      "avg_grip_deviation": 0.3694117647058824,
      "deviation_rate": 0.4,
      "cumulative_deviation": 4.244766368421541,
      "cumulative_pos_deviation": 0.08739731093269283,
      "trajectory_metrics": {
        "cdt_success": false,
        "ttf_frames": null,
        "sdr": {
          "10": 1.0,
          "25": null,
          "50": null
        },
        "tfp_score": 0.17479462186538566,
        "cumulative_pos_drift": 0.08739731093269283
      }
    },
    {
      "episode_id": 3,
      "original_id": 6,
      "num_frames": 10,
      "avg_deviation": 0.44550231077013275,
      "std_deviation": 0.49343572436447924,
      "avg_pos_deviation": 0.010847647897887948,
      "avg_rot_deviation": 0.0377919177742056,
      "avg_grip_deviation": 0.3968627450980392,
      "deviation_rate": 0.4,
      "cumulative_deviation": 4.455023107701328,
      "cumulative_pos_deviation": 0.10847647897887948,
      "trajectory_metrics": {
        "cdt_success": false,
        "ttf_frames": null,
        "sdr": {
          "10": 1.0,
          "25": null,
          "50": null
        },
        "tfp_score": 0.21695295795775896,
        "cumulative_pos_drift": 0.10847647897887948
      }
    },
    {
      "episode_id": 4,
      "original_id": 7,
      "num_frames": 10,
      "avg_deviation": 0.4482343791503235,
      "std_deviation": 0.47681902552220107,
      "avg_pos_deviation": 0.010085627145690257,
      "avg_rot_deviation": 0.03971737945561361,
      "avg_grip_deviation": 0.3984313725490196,
      "deviation_rate": 0.4,
      "cumulative_deviation": 4.482343791503235,
      "cumulative_pos_deviation": 0.10085627145690257,
      "trajectory_metrics": {
        "cdt_success": false,
        "ttf_frames": null,
        "sdr": {
          "10": 1.0,
          "25": null,
          "50": null
        },
        "tfp_score": 0.20171254291380514,
        "cumulative_pos_drift": 0.10085627145690257
      }
    },
    {
      "episode_id": 5,
      "original_id": 8,
      "num_frames": 10,
      "avg_deviation": 0.45994504013506565,
      "std_deviation": 0.4861764682223311,
      "avg_pos_deviation": 0.014047060873302986,
      "avg_rot_deviation": 0.047466606712743116,
      "avg_grip_deviation": 0.3984313725490196,
      "deviation_rate": 0.4,
      "cumulative_deviation": 4.599450401350657,
      "cumulative_pos_deviation": 0.14047060873302986,
      "trajectory_metrics": {
        "cdt_success": false,
        "ttf_frames": null,
        "sdr": {
          "10": 1.0,
          "25": null,
          "50": null
        },
        "tfp_score": 0.2809412174660597,
        "cumulative_pos_drift": 0.14047060873302986
      }
    },
    {
      "episode_id": 6,
      "original_id": 14,
      "num_frames": 10,
      "avg_deviation": 0.2683974374315934,
      "std_deviation": 0.3906339244896766,
      "avg_pos_deviation": 0.011643173101906133,
      "avg_rot_deviation": 0.059891519231648024,
      "avg_grip_deviation": 0.19686274509803922,
      "deviation_rate": 0.2,
      "cumulative_deviation": 2.683974374315934,
      "cumulative_pos_deviation": 0.11643173101906133,
      "trajectory_metrics": {
        "cdt_success": false,
        "ttf_frames": null,
        "sdr": {
          "10": 0.0,
          "25": null,
          "50": null
        },
        "tfp_score": 0.23286346203812266,
        "cumulative_pos_drift": 0.11643173101906133
      }
    },
    {
      "episode_id": 7,