{
  "run_id": "full_eval_20260120_072934_q500_task4_20260120_102835",
  "timestamp": "20260120_104943",
  "direction": "Direction 2: Deviation Analysis for Closed-Loop Attack",
  "patch_path": "/data1/ma1/Ishaq/ump-vla/outputs/se3_zoo_attack/patches/full_eval_20260120_072934_q500_task4_20260120_102835_patch.npy",
  "patch_position": [
    48,
    48
  ],
  "args": {
    "patch_path": "/data1/ma1/Ishaq/ump-vla/outputs/se3_zoo_attack/patches/full_eval_20260120_072934_q500_task4_20260120_102835_patch.npy",
    "suite": "libero_spatial",
    "task_id": 4,
    "train_ratio": 0.7,
    "frames_per_episode": 10,
    "deviation_threshold": 0.3,
    "drift_threshold": 0.2,
    "task_scale": 0.5,
    "sdr_windows": "10,25,50",
    "patch_x": 48,
    "patch_y": 48,
    "model_path": "/data1/ma1/Ishaq/ump-vla/checkpoints/openvla-7b",
    "device": "cuda:0",
    "output_dir": "/data1/ma1/Ishaq/ump-vla/outputs/se3_zoo_attack",
    "seed": 42
  },
  "task_info": {
    "task_name": "pick_up_the_black_bowl_next_to_the_plate_and_place_it_on_the_plate",
    "instruction": "pick up the black bowl in the top drawer of the wooden cabinet and place it on the plate",
    "total_episodes": 50,
    "test_episodes": 15,
    "test_indices": [
      1,
      2,
      5,
      6,
      7,
      8,
      14,
      15,
      17,
      27,
      34,
      37,
      40,
      47,
      49
    ],
    "frames_per_episode": 10,
    "total_frames": 150
  },
  "testing_time_seconds": 53.86325740814209,
  "metrics": {
    "deviation": {
      "average": 0.5461778671278602,
      "std": 0.49194239193561795,
      "max": 1.299145707362712,
      "min": 0.0,
      "rate": 0.47333333333333333
    },
    "components": {
      "position": 0.017355749283613827,
      "rotation": 0.05975022241940981,
      "gripper": 0.4690718954248367
    },
    "cumulative": {
      "avg_per_episode": 5.461778671278603,
      "total": 81.926680069179,
      "total_position": 2.603362392542074,
      "projected_100_frames": 1.7355749283613826
    },
    "baseline": {
      "avg_gt_error_clean": 1.946674243249757,
      "avg_gt_error_patched": 1.9741570925404528,
      "error_change": 0.027482849290695777
    },
    "trajectory": {
      "cdt": {
        "success_rate": 0.3333333333333333,
        "n_successes": 5,
        "n_episodes": 15
      },
      "ttf": {
        "mean_frames": 9.8,
        "min_frames": 9,
        "max_frames": 10,
        "success_rate": 0.3333333333333333
      },
      "sdr": {
        "10": 0.9333333333333333,
        "25": null,
        "50": null
      },
      "tfp": {
        "mean_score": 0.3471149856722766,
        "max_score": 0.43944813651577863,
        "above_1_rate": 0.0
      },
      "cumulative_drift": {
        "mean": 0.1735574928361383,
        "max": 0.21972406825788932
      }
    }
  },
  "episode_metrics": [
    {
      "episode_id": 0,
      "original_id": 1,
      "num_frames": 10,
      "avg_deviation": 0.46358990139087997,
      "std_deviation": 0.4835131420169872,
      "avg_pos_deviation": 0.019078606560896598,
      "avg_rot_deviation": 0.047648549731944115,
      "avg_grip_deviation": 0.3968627450980392,
      "deviation_rate": 0.4,
      "cumulative_deviation": 4.6358990139088,
      "cumulative_pos_deviation": 0.190786065608966,
      "trajectory_metrics": {
        "cdt_success": false,
        "ttf_frames": null,
        "sdr": {
          "10": 1.0,
          "25": null,
          "50": null
        },
        "tfp_score": 0.381572131217932,
        "cumulative_pos_drift": 0.190786065608966
      }
    },
    {
      "episode_id": 1,
      "original_id": 2,
      "num_frames": 10,
      "avg_deviation": 0.2892450245823147,
      "std_deviation": 0.40918392492048505,
      "avg_pos_deviation": 0.019513696394933132,
      "avg_rot_deviation": 0.06502544583444039,
      "avg_grip_deviation": 0.20470588235294115,
      "deviation_rate": 0.2,
      "cumulative_deviation": 2.892450245823147,
      "cumulative_pos_deviation": 0.1951369639493313,
      "trajectory_metrics": {
        "cdt_success": false,
        "ttf_frames": null,
        "sdr": {
          "10": 0.0,
          "25": null,
          "50": null
        },
        "tfp_score": 0.3902739278986626,
        "cumulative_pos_drift": 0.1951369639493313
      }
    },
    {
      "episode_id": 2,
      "original_id": 5,
      "num_frames": 10,
      "avg_deviation": 0.35134624300729456,
      "std_deviation": 0.4482284031887036,
      "avg_pos_deviation": 0.01307442895921497,
      "avg_rot_deviation": 0.03944828463631486,
      "avg_grip_deviation": 0.2988235294117647,
      "deviation_rate": 0.3,
      "cumulative_deviation": 3.5134624300729453,
      "cumulative_pos_deviation": 0.1307442895921497,
      "trajectory_metrics": {
        "cdt_success": false,
        "ttf_frames": null,
        "sdr": {
          "10": 1.0,
          "25": null,
          "50": null
        },
        "tfp_score": 0.2614885791842994,
        "cumulative_pos_drift": 0.1307442895921497
      }
    },
    {
      "episode_id": 3,
      "original_id": 6,
      "num_frames": 10,
      "avg_deviation": 0.6105733274505366,
      "std_deviation": 0.5334711061892854,
      "avg_pos_deviation": 0.0186452965044194,
      "avg_rot_deviation": 0.08918293290690148,
      "avg_grip_deviation": 0.5027450980392156,
      "deviation_rate": 0.5,
      "cumulative_deviation": 6.105733274505366,
      "cumulative_pos_deviation": 0.186452965044194,
      "trajectory_metrics": {
        "cdt_success": false,
        "ttf_frames": null,
        "sdr": {
          "10": 1.0,
          "25": null,
          "50": null
        },
        "tfp_score": 0.372905930088388,
        "cumulative_pos_drift": 0.186452965044194
      }
    },
    {
      "episode_id": 4,
      "original_id": 7,
      "num_frames": 10,
      "avg_deviation": 0.5716716186499771,
      "std_deviation": 0.4592605031119675,
      "avg_pos_deviation": 0.02053231032809579,
      "avg_rot_deviation": 0.05545303381207721,
      "avg_grip_deviation": 0.49568627450980396,
      "deviation_rate": 0.5,
      "cumulative_deviation": 5.71671618649977,
      "cumulative_pos_deviation": 0.20532310328095793,
      "trajectory_metrics": {
        "cdt_success": true,
        "ttf_frames": 10,
        "sdr": {
          "10": 1.0,
          "25": null,
          "50": null
        },
        "tfp_score": 0.41064620656191586,
        "cumulative_pos_drift": 0.20532310328095793
      }
    },
    {
      "episode_id": 5,
      "original_id": 8,
      "num_frames": 10,
      "avg_deviation": 0.36192713868821047,
      "std_deviation": 0.4666237271436442,
      "avg_pos_deviation": 0.014119761138108842,
      "avg_rot_deviation": 0.04584659323637613,
      "avg_grip_deviation": 0.30196078431372547,
      "deviation_rate": 0.3,
      "cumulative_deviation": 3.6192713868821045,
      "cumulative_pos_deviation": 0.1411976113810884,
      "trajectory_metrics": {
        "cdt_success": false,
        "ttf_frames": null,
        "sdr": {
          "10": 1.0,
          "25": null,
          "50": null
        },
        "tfp_score": 0.2823952227621768,
        "cumulative_pos_drift": 0.1411976113810884
      }
    },
    {
      "episode_id": 6,
      "original_id": 14,
      "num_frames": 10,
      "avg_deviation": 0.5849118067397769,
      "std_deviation": 0.510260832522047,
      "avg_pos_deviation": 0.020034924737592757,
      "avg_rot_deviation": 0.06683766631590952,
      "avg_grip_deviation": 0.4980392156862745,
      "deviation_rate": 0.5,
      "cumulative_deviation": 5.849118067397767,
      "cumulative_pos_deviation": 0.20034924737592757,
      "trajectory_metrics": {
        "cdt_success": true,
        "ttf_frames": 10,
        "sdr": {
          "10": 1.0,
          "25": null,
          "50": null
        },
        "tfp_score": 0.40069849475185515,
        "cumulative_pos_drift": 0.20034924737592757
      }
    },
    {
      "episode_id": 7,
      "original_id": 15,