{
  "run_id": "full_eval_20260120_072934_q500_task0_20260120_090336",
  "timestamp": "20260120_092443",
  "direction": "Direction 2: Deviation Analysis for Closed-Loop Attack",
  "patch_path": "/data1/ma1/Ishaq/ump-vla/outputs/se3_zoo_attack/patches/full_eval_20260120_072934_q500_task0_20260120_090336_patch.npy",
  "patch_position": [
    48,
    48
  ],
  "args": {
    "patch_path": "/data1/ma1/Ishaq/ump-vla/outputs/se3_zoo_attack/patches/full_eval_20260120_072934_q500_task0_20260120_090336_patch.npy",
    "suite": "libero_spatial",
    "task_id": 0,
    "train_ratio": 0.7,
    "frames_per_episode": 10,
    "deviation_threshold": 0.3,
    "drift_threshold": 0.2,
    "task_scale": 0.5,
    "sdr_windows": "10,25,50",
    "patch_x": 48,
    "patch_y": 48,
    "model_path": "/data1/ma1/Ishaq/ump-vla/checkpoints/openvla-7b",
    "device": "cuda:0",
    "output_dir": "/data1/ma1/Ishaq/ump-vla/outputs/se3_zoo_attack",
    "seed": 42
  },
  "task_info": {
    "task_name": "pick_up_the_black_bowl_between_the_plate_and_the_ramekin_and_place_it_on_the_plate",
    "instruction": "pick up the black bowl between the plate and the ramekin and place it on the plate",
    "total_episodes": 50,
    "test_episodes": 15,
    "test_indices": [
      1,
      2,
      5,
      6,
      7,
      8,
      14,
      15,
      17,
      27,
      34,
      37,
      40,
      47,
      49
    ],
    "frames_per_episode": 10,
    "total_frames": 150
  },
  "testing_time_seconds": 53.800026416778564,
  "metrics": {
    "deviation": {
      "average": 0.4960057109906877,
      "std": 0.49375309370179227,
      "max": 1.1733492450869978,
      "min": 0.016374034914390878,
      "rate": 0.42
    },
    "components": {
      "position": 0.020362491056805657,
      "rotation": 0.05786544215610418,
      "gripper": 0.4177777777777778
    },
    "cumulative": {
      "avg_per_episode": 4.9600571099068755,
      "total": 74.40085664860311,
      "total_position": 3.0543736585208485,
      "projected_100_frames": 2.036249105680566
    },
    "baseline": {
      "avg_gt_error_clean": 2.0119662888229564,
      "avg_gt_error_patched": 1.9628329247184426,
      "error_change": -0.049133364104513744
    },
    "trajectory": {
      "cdt": {
        "success_rate": 0.4666666666666667,
        "n_successes": 7,
        "n_episodes": 15
      },
      "ttf": {
        "mean_frames": 8.857142857142858,
        "min_frames": 7,
        "max_frames": 10,
        "success_rate": 0.4666666666666667
      },
      "sdr": {
        "10": 0.8666666666666667,
        "25": null,
        "50": null
      },
      "tfp": {
        "mean_score": 0.4072498211361132,
        "max_score": 0.5540500997853304,
        "above_1_rate": 0.0
      },
      "cumulative_drift": {
        "mean": 0.2036249105680566,
        "max": 0.2770250498926652
      }
    }
  },
  "episode_metrics": [
    {
      "episode_id": 0,
      "original_id": 1,
      "num_frames": 10,
      "avg_deviation": 0.5690587845662946,
      "std_deviation": 0.5238076730900463,
      "avg_pos_deviation": 0.017783733783962998,
      "avg_rot_deviation": 0.05245152137056691,
      "avg_grip_deviation": 0.4988235294117647,
      "deviation_rate": 0.5,
      "cumulative_deviation": 5.690587845662946,
      "cumulative_pos_deviation": 0.17783733783963,
      "trajectory_metrics": {
        "cdt_success": false,
        "ttf_frames": null,
        "sdr": {
          "10": 1.0,
          "25": null,
          "50": null
        },
        "tfp_score": 0.35567467567926,
        "cumulative_pos_drift": 0.17783733783963
      }
    },
    {
      "episode_id": 1,
      "original_id": 2,
      "num_frames": 10,
      "avg_deviation": 0.26746210674503756,
      "std_deviation": 0.40404794477231204,
      "avg_pos_deviation": 0.013442553099578735,
      "avg_rot_deviation": 0.05480386737094904,
      "avg_grip_deviation": 0.1992156862745098,
      "deviation_rate": 0.2,
      "cumulative_deviation": 2.674621067450375,
      "cumulative_pos_deviation": 0.13442553099578736,
      "trajectory_metrics": {
        "cdt_success": false,
        "ttf_frames": null,
        "sdr": {
          "10": 0.0,
          "25": null,
          "50": null
        },
        "tfp_score": 0.2688510619915747,
        "cumulative_pos_drift": 0.13442553099578736
      }
    },
    {
      "episode_id": 2,
      "original_id": 5,
      "num_frames": 10,
      "avg_deviation": 0.5736224664965168,
      "std_deviation": 0.48205250856423265,
      "avg_pos_deviation": 0.01623618513474776,
      "avg_rot_deviation": 0.05934706567549451,
      "avg_grip_deviation": 0.4980392156862745,
      "deviation_rate": 0.5,
      "cumulative_deviation": 5.736224664965167,
      "cumulative_pos_deviation": 0.16236185134747758,
      "trajectory_metrics": {
        "cdt_success": false,
        "ttf_frames": null,
        "sdr": {
          "10": 1.0,
          "25": null,
          "50": null
        },
        "tfp_score": 0.32472370269495515,
        "cumulative_pos_drift": 0.16236185134747758
      }
    },
    {
      "episode_id": 3,
      "original_id": 6,
      "num_frames": 10,
      "avg_deviation": 0.3885810730694778,
      "std_deviation": 0.4834888850881811,
      "avg_pos_deviation": 0.02198950958854534,
      "avg_rot_deviation": 0.06463077916720701,
      "avg_grip_deviation": 0.30196078431372547,
      "deviation_rate": 0.3,
      "cumulative_deviation": 3.8858107306947782,
      "cumulative_pos_deviation": 0.2198950958854534,
      "trajectory_metrics": {
        "cdt_success": true,
        "ttf_frames": 10,
        "sdr": {
          "10": 1.0,
          "25": null,
          "50": null
        },
        "tfp_score": 0.4397901917709068,
        "cumulative_pos_drift": 0.2198950958854534
      }
    },
    {
      "episode_id": 4,
      "original_id": 7,
      "num_frames": 10,
      "avg_deviation": 0.7598168080679863,
      "std_deviation": 0.4619303927342067,
      "avg_pos_deviation": 0.019296444330253633,
      "avg_rot_deviation": 0.0432654617769485,
      "avg_grip_deviation": 0.6972549019607843,
      "deviation_rate": 0.7,
      "cumulative_deviation": 7.598168080679865,
      "cumulative_pos_deviation": 0.19296444330253631,
      "trajectory_metrics": {
        "cdt_success": false,
        "ttf_frames": null,
        "sdr": {
          "10": 1.0,
          "25": null,
          "50": null
        },
        "tfp_score": 0.38592888660507263,
        "cumulative_pos_drift": 0.19296444330253631
      }
    },
    {
      "episode_id": 5,
      "original_id": 8,
      "num_frames": 10,
      "avg_deviation": 0.26675521240951683,
      "std_deviation": 0.4142864977879979,
      "avg_pos_deviation": 0.019698950326679992,
      "avg_rot_deviation": 0.04784057580832701,
      "avg_grip_deviation": 0.1992156862745098,
      "deviation_rate": 0.2,
      "cumulative_deviation": 2.667552124095168,
      "cumulative_pos_deviation": 0.19698950326679993,
      "trajectory_metrics": {
        "cdt_success": false,
        "ttf_frames": null,
        "sdr": {
          "10": 0.0,
          "25": null,
          "50": null
        },
        "tfp_score": 0.39397900653359985,
        "cumulative_pos_drift": 0.19698950326679993
      }
    },
    {
      "episode_id": 6,
      "original_id": 14,
      "num_frames": 10,
      "avg_deviation": 0.5775606167800117,
      "std_deviation": 0.5061856728014152,
      "avg_pos_deviation": 0.021687725900533784,
      "avg_rot_deviation": 0.057833675193203385,
      "avg_grip_deviation": 0.4980392156862745,
      "deviation_rate": 0.5,
      "cumulative_deviation": 5.775606167800118,
      "cumulative_pos_deviation": 0.21687725900533786,
      "trajectory_metrics": {
        "cdt_success": true,
        "ttf_frames": 10,
        "sdr": {
          "10": 1.0,
          "25": null,
          "50": null
        },
        "tfp_score": 0.4337545180106757,
        "cumulative_pos_drift": 0.21687725900533786
      }
    },
    {
      "episode_id": 7,