{
  "run_id": "full_eval_20260120_072934_q200_task9_20260120_085415",
  "timestamp": "20260120_090331",
  "direction": "Direction 2: Deviation Analysis for Closed-Loop Attack",
  "patch_path": "/data1/ma1/Ishaq/ump-vla/outputs/se3_zoo_attack/patches/full_eval_20260120_072934_q200_task9_20260120_085415_patch.npy",
  "patch_position": [
    48,
    48
  ],
  "args": {
    "patch_path": "/data1/ma1/Ishaq/ump-vla/outputs/se3_zoo_attack/patches/full_eval_20260120_072934_q200_task9_20260120_085415_patch.npy",
    "suite": "libero_spatial",
    "task_id": 9,
    "train_ratio": 0.7,
    "frames_per_episode": 10,
    "deviation_threshold": 0.3,
    "drift_threshold": 0.2,
    "task_scale": 0.5,
    "sdr_windows": "10,25,50",
    "patch_x": 48,
    "patch_y": 48,
    "model_path": "/data1/ma1/Ishaq/ump-vla/checkpoints/openvla-7b",
    "device": "cuda:0",
    "output_dir": "/data1/ma1/Ishaq/ump-vla/outputs/se3_zoo_attack",
    "seed": 42
  },
  "task_info": {
    "task_name": "pick_up_the_black_bowl_on_the_wooden_cabinet_and_place_it_on_the_plate",
    "instruction": "pick up the black bowl on the wooden cabinet and place it on the plate",
    "total_episodes": 50,
    "test_episodes": 15,
    "test_indices": [
      1,
      2,
      5,
      6,
      7,
      8,
      14,
      15,
      17,
      27,
      34,
      37,
      40,
      47,
      49
    ],
    "frames_per_episode": 10,
    "total_frames": 150
  },
  "testing_time_seconds": 54.04033184051514,
  "metrics": {
    "deviation": {
      "average": 0.3976879149156658,
      "std": 0.4709413728041949,
      "max": 1.2761046681932657,
      "min": 0.008695688347425993,
      "rate": 0.34
    },
    "components": {
      "position": 0.016806617700753132,
      "rotation": 0.05763946714955318,
      "gripper": 0.32324183006535945
    },
    "cumulative": {
      "avg_per_episode": 3.976879149156658,
      "total": 59.65318723734988,
      "total_position": 2.5209926551129698,
      "projected_100_frames": 1.6806617700753133
    },
    "baseline": {
      "avg_gt_error_clean": 1.9761456319631097,
      "avg_gt_error_patched": 1.9248787014184419,
      "error_change": -0.0512669305446678
    },
    "trajectory": {
      "cdt": {
        "success_rate": 0.13333333333333333,
        "n_successes": 2,
        "n_episodes": 15
      },
      "ttf": {
        "mean_frames": 8.5,
        "min_frames": 8,
        "max_frames": 9,
        "success_rate": 0.13333333333333333
      },
      "sdr": {
        "10": 0.7333333333333333,
        "25": null,
        "50": null
      },
      "tfp": {
        "mean_score": 0.33613235401506264,
        "max_score": 0.48825401002733565,
        "above_1_rate": 0.0
      },
      "cumulative_drift": {
        "mean": 0.16806617700753132,
        "max": 0.24412700501366782
      }
    }
  },
  "episode_metrics": [
    {
      "episode_id": 0,
      "original_id": 1,
      "num_frames": 10,
      "avg_deviation": 0.5111431977535582,
      "std_deviation": 0.478908744267292,
      "avg_pos_deviation": 0.024412700501366784,
      "avg_rot_deviation": 0.060063830585524725,
      "avg_grip_deviation": 0.42666666666666664,
      "deviation_rate": 0.5,
      "cumulative_deviation": 5.111431977535582,
      "cumulative_pos_deviation": 0.24412700501366782,
      "trajectory_metrics": {
        "cdt_success": true,
        "ttf_frames": 8,
        "sdr": {
          "10": 1.0,
          "25": null,
          "50": null
        },
        "tfp_score": 0.48825401002733565,
        "cumulative_pos_drift": 0.24412700501366782
      }
    },
    {
      "episode_id": 1,
      "original_id": 2,
      "num_frames": 10,
      "avg_deviation": 0.3762384361892895,
      "std_deviation": 0.44324973399783035,
      "avg_pos_deviation": 0.014119638379369925,
      "avg_rot_deviation": 0.07113840565305683,
      "avg_grip_deviation": 0.2909803921568628,
      "deviation_rate": 0.3,
      "cumulative_deviation": 3.7623843618928956,
      "cumulative_pos_deviation": 0.14119638379369925,
      "trajectory_metrics": {
        "cdt_success": false,
        "ttf_frames": null,
        "sdr": {
          "10": 1.0,
          "25": null,
          "50": null
        },
        "tfp_score": 0.2823927675873985,
        "cumulative_pos_drift": 0.14119638379369925
      }
    },
    {
      "episode_id": 2,
      "original_id": 5,
      "num_frames": 10,
      "avg_deviation": 0.3574973620115386,
      "std_deviation": 0.45722755634126055,
      "avg_pos_deviation": 0.011185290831129404,
      "avg_rot_deviation": 0.052978737847075796,
      "avg_grip_deviation": 0.29333333333333333,
      "deviation_rate": 0.3,
      "cumulative_deviation": 3.5749736201153857,
      "cumulative_pos_deviation": 0.11185290831129403,
      "trajectory_metrics": {
        "cdt_success": false,
        "ttf_frames": null,
        "sdr": {
          "10": 1.0,
          "25": null,
          "50": null
        },
        "tfp_score": 0.22370581662258807,
        "cumulative_pos_drift": 0.11185290831129403
      }
    },
    {
      "episode_id": 3,
      "original_id": 6,
      "num_frames": 10,
      "avg_deviation": 0.5131766501288938,
      "std_deviation": 0.49537717534759007,
      "avg_pos_deviation": 0.014376104723749361,
      "avg_rot_deviation": 0.05487897677769347,
      "avg_grip_deviation": 0.443921568627451,
      "deviation_rate": 0.5,
      "cumulative_deviation": 5.131766501288937,
      "cumulative_pos_deviation": 0.1437610472374936,
      "trajectory_metrics": {
        "cdt_success": false,
        "ttf_frames": null,
        "sdr": {
          "10": 1.0,
          "25": null,
          "50": null
        },
        "tfp_score": 0.2875220944749872,
        "cumulative_pos_drift": 0.1437610472374936
      }
    },
    {
      "episode_id": 4,
      "original_id": 7,
      "num_frames": 10,
      "avg_deviation": 0.47915059164495943,
      "std_deviation": 0.5083868061948611,
      "avg_pos_deviation": 0.013815256136040907,
      "avg_rot_deviation": 0.06847259041087925,
      "avg_grip_deviation": 0.3968627450980392,
      "deviation_rate": 0.4,
      "cumulative_deviation": 4.791505916449594,
      "cumulative_pos_deviation": 0.13815256136040907,
      "trajectory_metrics": {
        "cdt_success": false,
        "ttf_frames": null,
        "sdr": {
          "10": 1.0,
          "25": null,
          "50": null
        },
        "tfp_score": 0.27630512272081814,
        "cumulative_pos_drift": 0.13815256136040907
      }
    },
    {
      "episode_id": 5,
      "original_id": 8,
      "num_frames": 10,
      "avg_deviation": 0.36531923451946435,
      "std_deviation": 0.4409963898137419,
      "avg_pos_deviation": 0.014737452166847947,
      "avg_rot_deviation": 0.052542566666341925,
      "avg_grip_deviation": 0.2980392156862745,
      "deviation_rate": 0.3,
      "cumulative_deviation": 3.6531923451946438,
      "cumulative_pos_deviation": 0.14737452166847947,
      "trajectory_metrics": {
        "cdt_success": false,
        "ttf_frames": null,
        "sdr": {
          "10": 1.0,
          "25": null,
          "50": null
        },
        "tfp_score": 0.29474904333695895,
        "cumulative_pos_drift": 0.14737452166847947
      }
    },
    {
      "episode_id": 6,
      "original_id": 14,
      "num_frames": 10,
      "avg_deviation": 0.6743624594515326,
      "std_deviation": 0.5080385986324885,
      "avg_pos_deviation": 0.017671381932490758,
      "avg_rot_deviation": 0.06296558732296345,
      "avg_grip_deviation": 0.5937254901960785,
      "deviation_rate": 0.6,
      "cumulative_deviation": 6.743624594515326,
      "cumulative_pos_deviation": 0.17671381932490757,
      "trajectory_metrics": {
        "cdt_success": false,
        "ttf_frames": null,
        "sdr": {
          "10": 1.0,
          "25": null,
          "50": null
        },
        "tfp_score": 0.35342763864981513,
        "cumulative_pos_drift": 0.17671381932490757
      }
    },
    {
      "episode_id": 7,