{
  "run_id": "full_eval_20260120_072934_q500_task3_20260120_100721",
  "timestamp": "20260120_102830",
  "direction": "Direction 2: Deviation Analysis for Closed-Loop Attack",
  "patch_path": "/data1/ma1/Ishaq/ump-vla/outputs/se3_zoo_attack/patches/full_eval_20260120_072934_q500_task3_20260120_100721_patch.npy",
  "patch_position": [
    48,
    48
  ],
  "args": {
    "patch_path": "/data1/ma1/Ishaq/ump-vla/outputs/se3_zoo_attack/patches/full_eval_20260120_072934_q500_task3_20260120_100721_patch.npy",
    "suite": "libero_spatial",
    "task_id": 3,
    "train_ratio": 0.7,
    "frames_per_episode": 10,
    "deviation_threshold": 0.3,
    "drift_threshold": 0.2,
    "task_scale": 0.5,
    "sdr_windows": "10,25,50",
    "patch_x": 48,
    "patch_y": 48,
    "model_path": "/data1/ma1/Ishaq/ump-vla/checkpoints/openvla-7b",
    "device": "cuda:0",
    "output_dir": "/data1/ma1/Ishaq/ump-vla/outputs/se3_zoo_attack",
    "seed": 42
  },
  "task_info": {
    "task_name": "pick_up_the_black_bowl_next_to_the_cookie_box_and_place_it_on_the_plate",
    "instruction": "pick up the black bowl on the cookie box and place it on the plate",
    "total_episodes": 50,
    "test_episodes": 15,
    "test_indices": [
      1,
      2,
      5,
      6,
      7,
      8,
      14,
      15,
      17,
      27,
      34,
      37,
      40,
      47,
      49
    ],
    "frames_per_episode": 10,
    "total_frames": 150
  },
  "testing_time_seconds": 53.94802451133728,
  "metrics": {
    "deviation": {
      "average": 0.4813218762442902,
      "std": 0.48425281685715066,
      "max": 1.227445344806064,
      "min": 0.013463942869465588,
      "rate": 0.42
    },
    "components": {
      "position": 0.015628079000337476,
      "rotation": 0.05842582338774347,
      "gripper": 0.40726797385620916
    },
    "cumulative": {
      "avg_per_episode": 4.813218762442901,
      "total": 72.1982814366435,
      "total_position": 2.344211850050622,
      "projected_100_frames": 1.562807900033748
    },
    "baseline": {
      "avg_gt_error_clean": 1.8321277021558338,
      "avg_gt_error_patched": 1.8264201155428743,
      "error_change": -0.005707586612959448
    },
    "trajectory": {
      "cdt": {
        "success_rate": 0.2,
        "n_successes": 3,
        "n_episodes": 15
      },
      "ttf": {
        "mean_frames": 9.666666666666666,
        "min_frames": 9,
        "max_frames": 10,
        "success_rate": 0.2
      },
      "sdr": {
        "10": 0.8666666666666667,
        "25": null,
        "50": null
      },
      "tfp": {
        "mean_score": 0.3125615800067496,
        "max_score": 0.46883889785727195,
        "above_1_rate": 0.0
      },
      "cumulative_drift": {
        "mean": 0.1562807900033748,
        "max": 0.23441944892863598
      }
    }
  },
  "episode_metrics": [
    {
      "episode_id": 0,
      "original_id": 1,
      "num_frames": 10,
      "avg_deviation": 0.4652995948377475,
      "std_deviation": 0.4674744337539768,
      "avg_pos_deviation": 0.013806077592080057,
      "avg_rot_deviation": 0.05306214469664785,
      "avg_grip_deviation": 0.3984313725490196,
      "deviation_rate": 0.4,
      "cumulative_deviation": 4.652995948377475,
      "cumulative_pos_deviation": 0.13806077592080057,
      "trajectory_metrics": {
        "cdt_success": false,
        "ttf_frames": null,
        "sdr": {
          "10": 1.0,
          "25": null,
          "50": null
        },
        "tfp_score": 0.27612155184160114,
        "cumulative_pos_drift": 0.13806077592080057
      }
    },
    {
      "episode_id": 1,
      "original_id": 2,
      "num_frames": 10,
      "avg_deviation": 0.567295376320275,
      "std_deviation": 0.5081004906971894,
      "avg_pos_deviation": 0.013953360106690862,
      "avg_rot_deviation": 0.05687142797829007,
      "avg_grip_deviation": 0.4964705882352941,
      "deviation_rate": 0.5,
      "cumulative_deviation": 5.6729537632027505,
      "cumulative_pos_deviation": 0.13953360106690862,
      "trajectory_metrics": {
        "cdt_success": false,
        "ttf_frames": null,
        "sdr": {
          "10": 1.0,
          "25": null,
          "50": null
        },
        "tfp_score": 0.27906720213381725,
        "cumulative_pos_drift": 0.13953360106690862
      }
    },
    {
      "episode_id": 2,
      "original_id": 5,
      "num_frames": 10,
      "avg_deviation": 0.6759737587433227,
      "std_deviation": 0.4840497786673524,
      "avg_pos_deviation": 0.015880579821328795,
      "avg_rot_deviation": 0.059308865196503725,
      "avg_grip_deviation": 0.6007843137254902,
      "deviation_rate": 0.6,
      "cumulative_deviation": 6.759737587433227,
      "cumulative_pos_deviation": 0.15880579821328794,
      "trajectory_metrics": {
        "cdt_success": false,
        "ttf_frames": null,
        "sdr": {
          "10": 1.0,
          "25": null,
          "50": null
        },
        "tfp_score": 0.3176115964265759,
        "cumulative_pos_drift": 0.15880579821328794
      }
    },
    {
      "episode_id": 3,
      "original_id": 6,
      "num_frames": 10,
      "avg_deviation": 0.5896939009996824,
      "std_deviation": 0.5132378017632,
      "avg_pos_deviation": 0.02172052564733724,
      "avg_rot_deviation": 0.06758121848960015,
      "avg_grip_deviation": 0.5003921568627451,
      "deviation_rate": 0.5,
      "cumulative_deviation": 5.896939009996824,
      "cumulative_pos_deviation": 0.2172052564733724,
      "trajectory_metrics": {
        "cdt_success": true,
        "ttf_frames": 10,
        "sdr": {
          "10": 1.0,
          "25": null,
          "50": null
        },
        "tfp_score": 0.4344105129467448,
        "cumulative_pos_drift": 0.2172052564733724
      }
    },
    {
      "episode_id": 4,
      "original_id": 7,
      "num_frames": 10,
      "avg_deviation": 0.2106047880933628,
      "std_deviation": 0.3025028584133142,
      "avg_pos_deviation": 0.013426899468169273,
      "avg_rot_deviation": 0.05051122195852683,
      "avg_grip_deviation": 0.14666666666666667,
      "deviation_rate": 0.2,
      "cumulative_deviation": 2.1060478809336276,
      "cumulative_pos_deviation": 0.13426899468169273,
      "trajectory_metrics": {
        "cdt_success": false,
        "ttf_frames": null,
        "sdr": {
          "10": 0.0,
          "25": null,
          "50": null
        },
        "tfp_score": 0.26853798936338547,
        "cumulative_pos_drift": 0.13426899468169273
      }
    },
    {
      "episode_id": 5,
      "original_id": 8,
      "num_frames": 10,
      "avg_deviation": 0.37198698775812983,
      "std_deviation": 0.4708786922200253,
      "avg_pos_deviation": 0.011140281841803578,
      "avg_rot_deviation": 0.062023176504561614,
      "avg_grip_deviation": 0.2988235294117647,
      "deviation_rate": 0.3,
      "cumulative_deviation": 3.7198698775812993,
      "cumulative_pos_deviation": 0.11140281841803579,
      "trajectory_metrics": {
        "cdt_success": false,
        "ttf_frames": null,
        "sdr": {
          "10": 1.0,
          "25": null,
          "50": null
        },
        "tfp_score": 0.22280563683607157,
        "cumulative_pos_drift": 0.11140281841803579
      }
    },
    {
      "episode_id": 6,
      "original_id": 14,
      "num_frames": 10,
      "avg_deviation": 0.4800426344275543,
      "std_deviation": 0.48480921074729105,
      "avg_pos_deviation": 0.016721201044685823,
      "avg_rot_deviation": 0.06489006083384895,
      "avg_grip_deviation": 0.3984313725490196,
      "deviation_rate": 0.4,
      "cumulative_deviation": 4.800426344275545,
      "cumulative_pos_deviation": 0.16721201044685824,
      "trajectory_metrics": {
        "cdt_success": false,
        "ttf_frames": null,
        "sdr": {
          "10": 1.0,
          "25": null,
          "50": null
        },
        "tfp_score": 0.3344240208937165,
        "cumulative_pos_drift": 0.16721201044685824
      }
    },
    {
      "episode_id": 7,
      "original_id": 15,
      "num_frames": 10,